"PANumber","NicheBreadth.trend","SE","df","asymp.LCL","asymp.UCL","ResponseVariable"
3,0.10185785062454,0.0648355223839651,Inf,-0.0252174381668724,0.228933139415952,"Schoener's D"
3,0.00670785281642958,0.0760077532555643,Inf,-0.142264606110283,0.155680311743143,"Mean Suitablilty"
3,0.0482497612001356,0.0710475940385556,Inf,-0.091000964303656,0.187500486703927,"Suitable Area"
3,-0.0834314188083316,0.105687627538843,Inf,-0.290575362395947,0.123712524779284,"Elevation Centroid"
