"PAStrategy","NicheBreadth.trend","SE","df","asymp.LCL","asymp.UCL","ResponseVariable"
"disk",0.0559167715200717,0.0649913696590704,Inf,-0.0714639723176355,0.183297515357779,"Schoener's D"
"random",0.147798929729008,0.06499136965907,Inf,0.0204181858913015,0.275179673566714,"Schoener's D"
"disk",0.0208412572468594,0.0761204477697926,Inf,-0.128352078868996,0.170034593362715,"Mean Suitablilty"
"random",-0.00742555161400029,0.0761204477697916,Inf,-0.156618887729854,0.141767784501854,"Mean Suitablilty"
"disk",0.06008063654797,0.0711921957134163,Inf,-0.0794535030306527,0.199614776126593,"Suitable Area"
"random",0.0364188858523012,0.0711921957134158,Inf,-0.10311525372632,0.175953025430923,"Suitable Area"
"disk",0.0320774661685752,0.105758881644821,Inf,-0.175206132900508,0.239361065237659,"Elevation Centroid"
"random",-0.198940303785238,0.10575888164482,Inf,-0.40622390285432,0.00834329528384309,"Elevation Centroid"
