"PAStrategy","NicheBreadth.trend","SE","df","asymp.LCL","asymp.UCL","ResponseVariable"
"disk",0.0165907099708481,0.00632790955831128,Inf,0.00418823513913123,0.028993184802565,"Schoener's D"
"random",0.0386842866398248,0.00632790955831126,Inf,0.0262818118081079,0.0510867614715416,"Schoener's D"
"disk",19.1590218558253,6.58285526991849,Inf,6.25686261134534,32.0611811003052,"Mean Suitablilty"
"random",16.0363474720254,6.58285526991849,Inf,3.13418822754543,28.9385067165053,"Mean Suitablilty"
"disk",3.23690882547951,0.904178837655156,Inf,1.46475086809212,5.00906678286691,"Suitable Area"
"random",2.80925149869722,0.904178837655154,Inf,1.03709354130983,4.58140945608461,"Suitable Area"
"disk",27.2898628921014,20.3204077332176,Inf,-12.5374044161744,67.1171302003771,"Elevation Centroid"
"random",-27.1652147638883,20.3204077332176,Inf,-66.9924820721639,12.6620525443874,"Elevation Centroid"
